BEGIN TRANSACTION;
CREATE TABLE IF NOT EXISTS "user" (
	"id"	INTEGER NOT NULL,
	"name"	TEXT NOT NULL,
	"address"	TEXT NOT NULL,
	"zip_code"	TEXT NOT NULL,
	"cpf"	TEXT NOT NULL,
	"pasword"	INTEGER NOT NULL,
	PRIMARY KEY("id" AUTOINCREMENT)
);
CREATE TABLE IF NOT EXISTS "count" (
	"id"	INTEGER NOT NULL,
	"bank"	INTEGER NOT NULL,
	"agency"	INTEGER NOT NULL,
	"number"	TEXT NOT NULL,
	"id_user"	INTEGER NOT NULL,
	FOREIGN KEY("id_user") REFERENCES "user"("id") ON UPDATE CASCADE,
	PRIMARY KEY("id" AUTOINCREMENT)
);
CREATE TABLE IF NOT EXISTS "product" (
	"id"	INTEGER NOT NULL,
	"product_code"	INTEGER NOT NULL,
	"emitter"	TEXT NOT NULL,
	"term"	INTEGER NOT NULL,
	"due_date"	TEXT NOT NULL,
	"timee"	TEXT NOT NULL,
	"minimum_value"	REAL NOT NULL,
	"clazz"	TEXT NOT NULL,
	PRIMARY KEY("id")
);
CREATE TABLE IF NOT EXISTS "application" (
	"id"	INTEGER NOT NULL,
	"code"	INTEGER NOT NULL,
	"value"	REAL NOT NULL,
	"application_date"	TEXT NOT NULL,
	"id_count"	INTEGER NOT NULL,
	"id_product"	INTEGER NOT NULL,
	FOREIGN KEY("id_count") REFERENCES "count"("id") ON UPDATE CASCADE,
	FOREIGN KEY("id_product") REFERENCES "product"("id") ON UPDATE CASCADE,
	PRIMARY KEY("id")
);
INSERT INTO "user" VALUES (1,'myllena','Av.pintangeiras B.10','757040-40','045.633.831-47',123456);
INSERT INTO "user" VALUES (2,'João','Av.picastanheira B.105','757340-40','045.645.831-47',123567);
INSERT INTO "user" VALUES (3,'Maria','Av.pintangeiras Moro Alto B.10','767040-40','045.663.531-47',100456);
INSERT INTO "user" VALUES (4,'Andre','Av.paulo Souza B.10','745640-40','023.653.831-47',987456);
INSERT INTO "user" VALUES (5,'Luisa','Av.park Anhaguera B.109','757987-40','045.983.761-47',123673);
INSERT INTO "count" VALUES (1,237,4578,'457834-3',1);
INSERT INTO "count" VALUES (2,104,9038,'520134-2',2);
INSERT INTO "count" VALUES (3,314,8764,'048264-9',3);
INSERT INTO "count" VALUES (4,33,3276,'193562-7',4);
INSERT INTO "count" VALUES (5,104,9217,'741093-5',5);
INSERT INTO "product" VALUES (1,345,'Bussines',12,'24/03/2021','13:20',5000.0,'LCI');
INSERT INTO "product" VALUES (2,856,'Agridoce',30,'07/07/2027','14:20',1000.0,'LC');
INSERT INTO "product" VALUES (3,91,'Castenha',42,'15/05/2020','16:45',10000.0,'LF');
INSERT INTO "product" VALUES (4,754,'Aurauc',54,'13/11/2028','15:00',50000.0,'LCA');
INSERT INTO "application" VALUES (1,24673,350000.0,'27/08/2021',2,3);
INSERT INTO "application" VALUES (2,24674,6000.0,'01/12/2028',3,4);
INSERT INTO "application" VALUES (3,24675,700.0,'27/01/2029',4,1);
INSERT INTO "application" VALUES (4,24676,467000.0,'27/08/2027',2,2);
INSERT INTO "application" VALUES (5,24677,3000.0,'27/08/2021',5,1);
INSERT INTO "application" VALUES (6,24678,53000.0,'09/05/2023',1,3);
COMMIT;
